{
  "mainAssemblyName": "azureblazor",
  "resources": {
    "hash": "sha256-4PKd78gDG1E6qnHJKQGet7vxS7mqaUNJEtelDZbUywk=",
    "fingerprinting": {
      "Microsoft.AspNetCore.Components.tcgtl59okq.wasm": "Microsoft.AspNetCore.Components.wasm",
      "Microsoft.AspNetCore.Components.Web.j3qko22j2r.wasm": "Microsoft.AspNetCore.Components.Web.wasm",
      "Microsoft.AspNetCore.Components.WebAssembly.y498n490nz.wasm": "Microsoft.AspNetCore.Components.WebAssembly.wasm",
      "Microsoft.Extensions.Configuration.oovwwqf5qf.wasm": "Microsoft.Extensions.Configuration.wasm",
      "Microsoft.Extensions.Configuration.Abstractions.opwbk83jqu.wasm": "Microsoft.Extensions.Configuration.Abstractions.wasm",
      "Microsoft.Extensions.Configuration.Json.hui4iqxkm7.wasm": "Microsoft.Extensions.Configuration.Json.wasm",
      "Microsoft.Extensions.DependencyInjection.zg5wmkbway.wasm": "Microsoft.Extensions.DependencyInjection.wasm",
      "Microsoft.Extensions.DependencyInjection.Abstractions.t398ml0l8t.wasm": "Microsoft.Extensions.DependencyInjection.Abstractions.wasm",
      "Microsoft.Extensions.Logging.eva8yn2t8j.wasm": "Microsoft.Extensions.Logging.wasm",
      "Microsoft.Extensions.Logging.Abstractions.jfxvn9fe8l.wasm": "Microsoft.Extensions.Logging.Abstractions.wasm",
      "Microsoft.Extensions.Options.0gp18t11e4.wasm": "Microsoft.Extensions.Options.wasm",
      "Microsoft.Extensions.Primitives.cmbztxgzjs.wasm": "Microsoft.Extensions.Primitives.wasm",
      "Microsoft.JSInterop.9bvz43w1sz.wasm": "Microsoft.JSInterop.wasm",
      "Microsoft.JSInterop.WebAssembly.dnug9e66zg.wasm": "Microsoft.JSInterop.WebAssembly.wasm",
      "System.Collections.Concurrent.fdb0od910y.wasm": "System.Collections.Concurrent.wasm",
      "System.Collections.Immutable.ystbkzy3zu.wasm": "System.Collections.Immutable.wasm",
      "System.Collections.mmk648h97z.wasm": "System.Collections.wasm",
      "System.ComponentModel.qu3d3gzmkd.wasm": "System.ComponentModel.wasm",
      "System.Console.dbmd4vzune.wasm": "System.Console.wasm",
      "System.Diagnostics.DiagnosticSource.hx9nluzda0.wasm": "System.Diagnostics.DiagnosticSource.wasm",
      "System.IO.Pipelines.hqvxmp1tnr.wasm": "System.IO.Pipelines.wasm",
      "System.Linq.2hlzuuv44h.wasm": "System.Linq.wasm",
      "System.Memory.0or0eqaudk.wasm": "System.Memory.wasm",
      "System.Net.Http.Json.0db1rsbrbh.wasm": "System.Net.Http.Json.wasm",
      "System.Net.Http.rezy88793t.wasm": "System.Net.Http.wasm",
      "System.Net.Primitives.1fsqvrmube.wasm": "System.Net.Primitives.wasm",
      "System.Private.Uri.ffllgigbd6.wasm": "System.Private.Uri.wasm",
      "System.Runtime.InteropServices.JavaScript.u9tzo6t7zm.wasm": "System.Runtime.InteropServices.JavaScript.wasm",
      "System.Runtime.o8poowrsbs.wasm": "System.Runtime.wasm",
      "System.Text.Encodings.Web.dvi1t3okep.wasm": "System.Text.Encodings.Web.wasm",
      "System.Text.Json.m4wdlob2qg.wasm": "System.Text.Json.wasm",
      "System.Text.RegularExpressions.k8ibga7wut.wasm": "System.Text.RegularExpressions.wasm",
      "System.Private.CoreLib.alleq25bmh.wasm": "System.Private.CoreLib.wasm",
      "azureblazor.hnkl2fgw08.wasm": "azureblazor.wasm",
      "dotnet.js": "dotnet.js",
      "dotnet.native.noby4tlk4d.js": "dotnet.native.js",
      "dotnet.native.qe75a9vfqn.wasm": "dotnet.native.wasm",
      "dotnet.runtime.9o45ky8ejm.js": "dotnet.runtime.js",
      "icudt_CJK.tjcz0u77k5.dat": "icudt_CJK.dat",
      "icudt_EFIGS.tptq2av103.dat": "icudt_EFIGS.dat",
      "icudt_no_CJK.lfu7j35m59.dat": "icudt_no_CJK.dat"
    },
    "jsModuleNative": {
      "dotnet.native.noby4tlk4d.js": "sha256-p9eEzXhQIsI0a5bBJhfzW15iRafgplTxT8XrO5FiH9o="
    },
    "jsModuleRuntime": {
      "dotnet.runtime.9o45ky8ejm.js": "sha256-6QIZYgG+ftoT9N1H1EEJeXIhD/qbKqEcnmawDskiwdI="
    },
    "wasmNative": {
      "dotnet.native.qe75a9vfqn.wasm": "sha256-Po2dalLvTpf5jAS+jt0TzuBYybYiL1F6qAacZJ8UAdo="
    },
    "icu": {
      "icudt_CJK.tjcz0u77k5.dat": "sha256-SZLtQnRc0JkwqHab0VUVP7T3uBPSeYzxzDnpxPpUnHk=",
      "icudt_EFIGS.tptq2av103.dat": "sha256-8fItetYY8kQ0ww6oxwTLiT3oXlBwHKumbeP2pRF4yTc=",
      "icudt_no_CJK.lfu7j35m59.dat": "sha256-L7sV7NEYP37/Qr2FPCePo5cJqRgTXRwGHuwF5Q+0Nfs="
    },
    "coreAssembly": {
      "System.Runtime.InteropServices.JavaScript.u9tzo6t7zm.wasm": "sha256-8v7jVijrzRlaTmvdds4+ZNyPL5DYfnYnzFYT2HtkqwM=",
      "System.Private.CoreLib.alleq25bmh.wasm": "sha256-zhZcMBcIls4prgJwD/L4rdHlfP9+QhHRSnYdzZsFwm4="
    },
    "assembly": {
      "Microsoft.AspNetCore.Components.tcgtl59okq.wasm": "sha256-DfFt+wltllQj5n28c5QjnP/i3DHYGtpZ+Z95NJIMCUE=",
      "Microsoft.AspNetCore.Components.Web.j3qko22j2r.wasm": "sha256-HwE2HqtgGbU/jeFtiw246uBXxODzNBNhZJW1y/4MeAE=",
      "Microsoft.AspNetCore.Components.WebAssembly.y498n490nz.wasm": "sha256-Qne4o8cT1n1AJTVSNS/3MgYoio1JuEDW8T93PzzVBKY=",
      "Microsoft.Extensions.Configuration.oovwwqf5qf.wasm": "sha256-aGCPTRRX+LpoEC0kHuWtr4WOAl74G2p0HGSMadHDYYo=",
      "Microsoft.Extensions.Configuration.Abstractions.opwbk83jqu.wasm": "sha256-pOED2iNDgbaIZdNUqih81BZOhvMp17gA7UYEE6dbly8=",
      "Microsoft.Extensions.Configuration.Json.hui4iqxkm7.wasm": "sha256-aUL1p8N7BVpff4zCDZ0GloDhldubhgfQ+pTN+yP+NL4=",
      "Microsoft.Extensions.DependencyInjection.zg5wmkbway.wasm": "sha256-szm/4Fl/8ThZEyTKn0DjT10dLkwAN75iOLpPaT9MziE=",
      "Microsoft.Extensions.DependencyInjection.Abstractions.t398ml0l8t.wasm": "sha256-55WPQweZkNv4aUVsgzyeUBjtTRI1SQKrX0L7DGzXvdk=",
      "Microsoft.Extensions.Logging.eva8yn2t8j.wasm": "sha256-9pgOS8ezhH7cPoYYDzmudhB+iMPHY/CSqQhb77PHTTk=",
      "Microsoft.Extensions.Logging.Abstractions.jfxvn9fe8l.wasm": "sha256-/2Xp1tmuRHJoy9pBBd9GZXimahquaxxPa7/h8wS/yeU=",
      "Microsoft.Extensions.Options.0gp18t11e4.wasm": "sha256-ECPOJnswyfl0xRUCR3StNwl4WbOlbBjTAyc7tp/ksbk=",
      "Microsoft.Extensions.Primitives.cmbztxgzjs.wasm": "sha256-lEYGuM+3AkkhJh+bAn9JGKJRkqgJa+FQtmm3r9HAkrw=",
      "Microsoft.JSInterop.9bvz43w1sz.wasm": "sha256-RTkIac6SMlhmr43fara9ibYDKvhwEnLRk02TqJZMZXI=",
      "Microsoft.JSInterop.WebAssembly.dnug9e66zg.wasm": "sha256-1391UuW9RnaY9v+RXWFFkaN+3zIkFWK6F/i2rkesTxo=",
      "System.Collections.Concurrent.fdb0od910y.wasm": "sha256-bYpAUsem9UO/bAFOz5KNsCnbnw3NPeYkPi8lAl3L+Zc=",
      "System.Collections.Immutable.ystbkzy3zu.wasm": "sha256-okvTiJgmOpNLN8pgPu1ilb29KT3SZAsmwMr56F+kmSE=",
      "System.Collections.mmk648h97z.wasm": "sha256-7qHjQK/77jJ5nqWeF8xEsnBttvh+ets7Lg++zURqMxs=",
      "System.ComponentModel.qu3d3gzmkd.wasm": "sha256-wifBFoiHVP4KaFhjz887NKTzJH/M6gWTCeR9gYcM078=",
      "System.Console.dbmd4vzune.wasm": "sha256-xz28VfFF9yqMTDx3jVU41QBokFYJegk0JNVOuYqeEEs=",
      "System.Diagnostics.DiagnosticSource.hx9nluzda0.wasm": "sha256-BW+MI4z4OiFsd9Pr+qppEI1iDyYryJfqrtAaLBwS4Lo=",
      "System.IO.Pipelines.hqvxmp1tnr.wasm": "sha256-F7eq3vfkNdyf7BI0RJMCuDGtdhNgu4qn1GGWK5FvVz0=",
      "System.Linq.2hlzuuv44h.wasm": "sha256-dl2NfY7OXU9GuDYtSiokUVu9ypdJGjzwCUJdmifKd1c=",
      "System.Memory.0or0eqaudk.wasm": "sha256-ECLbc1+da5sOnq5gxaEbwUJwxnx1De5iRFuO+fPJUJ0=",
      "System.Net.Http.Json.0db1rsbrbh.wasm": "sha256-PLU7yJY/jwStQKKHScMw7U+TUJoL2DP+5E6YodgPMoQ=",
      "System.Net.Http.rezy88793t.wasm": "sha256-w78rT3+9CYpGLYfB95HIYktorgJ/O126QEGOzdxpcqQ=",
      "System.Net.Primitives.1fsqvrmube.wasm": "sha256-Xb32U/MP2y5ADjviFThqpTKqpDtBKsZaGzeYiK/QQnA=",
      "System.Private.Uri.ffllgigbd6.wasm": "sha256-u7eLXkt/XWEinAUnZGQ+uAQ62jQQIJKiO3L6kQMbh44=",
      "System.Runtime.o8poowrsbs.wasm": "sha256-yN3NJ0qIYlwScZCO3r8K6JMxuPEBnhjupnfq+4wdlEo=",
      "System.Text.Encodings.Web.dvi1t3okep.wasm": "sha256-N0H/XiI7CqSVWRBwOAksJI9mQ1UaYSw6kuREMzV/aw8=",
      "System.Text.Json.m4wdlob2qg.wasm": "sha256-5qjfGZGHbvBXYE9OBLQ32FHz6vObx9o8C5SsZm1rOto=",
      "System.Text.RegularExpressions.k8ibga7wut.wasm": "sha256-7OYvLuFLvwbax++2u+uoDmoaX8o/Q8wcYJC92eP1YjA=",
      "azureblazor.hnkl2fgw08.wasm": "sha256-M8YkUzf09k3s5r+4AlsIc8CGumYIoi4vdp8CfrMjf6o="
    }
  },
  "cacheBootResources": true,
  "debugLevel": 0,
  "linkerEnabled": true,
  "globalizationMode": "sharded",
  "extensions": {
    "blazor": {}
  }
}