{
  "mainAssemblyName": "azureblazor",
  "resources": {
    "hash": "sha256-btT1biMAUUMdgNUp+LefZjuzHwUEzdcMRjAkhYGgtfU=",
    "fingerprinting": {
      "Microsoft.AspNetCore.Components.ny5gc5cyjk.wasm": "Microsoft.AspNetCore.Components.wasm",
      "Microsoft.AspNetCore.Components.Web.j3qko22j2r.wasm": "Microsoft.AspNetCore.Components.Web.wasm",
      "Microsoft.AspNetCore.Components.WebAssembly.hi0k0be4ak.wasm": "Microsoft.AspNetCore.Components.WebAssembly.wasm",
      "Microsoft.Extensions.Configuration.6ktbh7y4l2.wasm": "Microsoft.Extensions.Configuration.wasm",
      "Microsoft.Extensions.Configuration.Abstractions.o69vfjtppu.wasm": "Microsoft.Extensions.Configuration.Abstractions.wasm",
      "Microsoft.Extensions.Configuration.EnvironmentVariables.r8a5rbsvmd.wasm": "Microsoft.Extensions.Configuration.EnvironmentVariables.wasm",
      "Microsoft.Extensions.Configuration.FileExtensions.1s23eqyzq3.wasm": "Microsoft.Extensions.Configuration.FileExtensions.wasm",
      "Microsoft.Extensions.Configuration.Json.fd6xw644kz.wasm": "Microsoft.Extensions.Configuration.Json.wasm",
      "Microsoft.Extensions.DependencyInjection.zg5wmkbway.wasm": "Microsoft.Extensions.DependencyInjection.wasm",
      "Microsoft.Extensions.DependencyInjection.Abstractions.zvr54vpt0x.wasm": "Microsoft.Extensions.DependencyInjection.Abstractions.wasm",
      "Microsoft.Extensions.FileProviders.Abstractions.3ffbsn5mu7.wasm": "Microsoft.Extensions.FileProviders.Abstractions.wasm",
      "Microsoft.Extensions.FileProviders.Physical.3zezxq2l7j.wasm": "Microsoft.Extensions.FileProviders.Physical.wasm",
      "Microsoft.Extensions.FileSystemGlobbing.8tz9po1w9e.wasm": "Microsoft.Extensions.FileSystemGlobbing.wasm",
      "Microsoft.Extensions.Logging.eva8yn2t8j.wasm": "Microsoft.Extensions.Logging.wasm",
      "Microsoft.Extensions.Logging.Abstractions.jfxvn9fe8l.wasm": "Microsoft.Extensions.Logging.Abstractions.wasm",
      "Microsoft.Extensions.Options.0gp18t11e4.wasm": "Microsoft.Extensions.Options.wasm",
      "Microsoft.Extensions.Primitives.0y4j7edprf.wasm": "Microsoft.Extensions.Primitives.wasm",
      "Microsoft.JSInterop.9bvz43w1sz.wasm": "Microsoft.JSInterop.wasm",
      "Microsoft.JSInterop.WebAssembly.dnug9e66zg.wasm": "Microsoft.JSInterop.WebAssembly.wasm",
      "System.Collections.Concurrent.duegxbvqy2.wasm": "System.Collections.Concurrent.wasm",
      "System.Collections.Immutable.rfl54mpkcz.wasm": "System.Collections.Immutable.wasm",
      "System.Collections.5lft0gb3b6.wasm": "System.Collections.wasm",
      "System.ComponentModel.Primitives.z21uco44w2.wasm": "System.ComponentModel.Primitives.wasm",
      "System.ComponentModel.qu3d3gzmkd.wasm": "System.ComponentModel.wasm",
      "System.Console.3q0ifsv076.wasm": "System.Console.wasm",
      "System.Diagnostics.DiagnosticSource.bh4qrou11b.wasm": "System.Diagnostics.DiagnosticSource.wasm",
      "System.IO.FileSystem.Watcher.bjxmcvzq34.wasm": "System.IO.FileSystem.Watcher.wasm",
      "System.IO.Pipelines.k6xrvw54s2.wasm": "System.IO.Pipelines.wasm",
      "System.Linq.vfnf99x6xv.wasm": "System.Linq.wasm",
      "System.Memory.0or0eqaudk.wasm": "System.Memory.wasm",
      "System.Net.Http.Json.ou695s3101.wasm": "System.Net.Http.Json.wasm",
      "System.Net.Http.y3exzliwjh.wasm": "System.Net.Http.wasm",
      "System.Net.Primitives.1fsqvrmube.wasm": "System.Net.Primitives.wasm",
      "System.Private.Uri.ffllgigbd6.wasm": "System.Private.Uri.wasm",
      "System.Runtime.InteropServices.JavaScript.u9tzo6t7zm.wasm": "System.Runtime.InteropServices.JavaScript.wasm",
      "System.Runtime.xjaz8v649v.wasm": "System.Runtime.wasm",
      "System.Security.Cryptography.1x1pez3ui8.wasm": "System.Security.Cryptography.wasm",
      "System.Text.Encodings.Web.dvi1t3okep.wasm": "System.Text.Encodings.Web.wasm",
      "System.Text.Json.dol0m01bz8.wasm": "System.Text.Json.wasm",
      "System.Text.RegularExpressions.k8ibga7wut.wasm": "System.Text.RegularExpressions.wasm",
      "System.Private.CoreLib.0i6z7cgh0u.wasm": "System.Private.CoreLib.wasm",
      "azureblazor.6iriz7yc6n.wasm": "azureblazor.wasm",
      "dotnet.js": "dotnet.js",
      "dotnet.native.noby4tlk4d.js": "dotnet.native.js",
      "dotnet.native.qe75a9vfqn.wasm": "dotnet.native.wasm",
      "dotnet.runtime.9o45ky8ejm.js": "dotnet.runtime.js",
      "icudt_CJK.tjcz0u77k5.dat": "icudt_CJK.dat",
      "icudt_EFIGS.tptq2av103.dat": "icudt_EFIGS.dat",
      "icudt_no_CJK.lfu7j35m59.dat": "icudt_no_CJK.dat"
    },
    "jsModuleNative": {
      "dotnet.native.noby4tlk4d.js": "sha256-p9eEzXhQIsI0a5bBJhfzW15iRafgplTxT8XrO5FiH9o="
    },
    "jsModuleRuntime": {
      "dotnet.runtime.9o45ky8ejm.js": "sha256-6QIZYgG+ftoT9N1H1EEJeXIhD/qbKqEcnmawDskiwdI="
    },
    "wasmNative": {
      "dotnet.native.qe75a9vfqn.wasm": "sha256-Po2dalLvTpf5jAS+jt0TzuBYybYiL1F6qAacZJ8UAdo="
    },
    "icu": {
      "icudt_CJK.tjcz0u77k5.dat": "sha256-SZLtQnRc0JkwqHab0VUVP7T3uBPSeYzxzDnpxPpUnHk=",
      "icudt_EFIGS.tptq2av103.dat": "sha256-8fItetYY8kQ0ww6oxwTLiT3oXlBwHKumbeP2pRF4yTc=",
      "icudt_no_CJK.lfu7j35m59.dat": "sha256-L7sV7NEYP37/Qr2FPCePo5cJqRgTXRwGHuwF5Q+0Nfs="
    },
    "coreAssembly": {
      "System.Runtime.InteropServices.JavaScript.u9tzo6t7zm.wasm": "sha256-8v7jVijrzRlaTmvdds4+ZNyPL5DYfnYnzFYT2HtkqwM=",
      "System.Private.CoreLib.0i6z7cgh0u.wasm": "sha256-qGJHLnhddOIZ5KbfwTqbBIMICDIGuOoDIEBg3lECDzs="
    },
    "assembly": {
      "Microsoft.AspNetCore.Components.ny5gc5cyjk.wasm": "sha256-L4JgGWoeWjhShAQ2GE7G7k7/RiVMuFpJLKetBqE0Eo8=",
      "Microsoft.AspNetCore.Components.Web.j3qko22j2r.wasm": "sha256-HwE2HqtgGbU/jeFtiw246uBXxODzNBNhZJW1y/4MeAE=",
      "Microsoft.AspNetCore.Components.WebAssembly.hi0k0be4ak.wasm": "sha256-mSsJTIsi468f63JT7UdhxGTBJj6HnYMCXVoU1TtfW1g=",
      "Microsoft.Extensions.Configuration.6ktbh7y4l2.wasm": "sha256-ZrfMQsDA0lYc7er2nSe9ZBf5wdddwY84hLC5dqh/BWE=",
      "Microsoft.Extensions.Configuration.Abstractions.o69vfjtppu.wasm": "sha256-QOvqRtqk+uJyIQaJrK+fxEjzO+hhNHdsO0cwhbc83Uk=",
      "Microsoft.Extensions.Configuration.EnvironmentVariables.r8a5rbsvmd.wasm": "sha256-5bU5/+BeNYikOtlUyof023ZJHkdS4PoF2mperiTcvR0=",
      "Microsoft.Extensions.Configuration.FileExtensions.1s23eqyzq3.wasm": "sha256-0YamCEG5qIk2O0rYhIAA9dzSXCkcUFLJW3ftMpZ7Kc8=",
      "Microsoft.Extensions.Configuration.Json.fd6xw644kz.wasm": "sha256-fSmvebf9kvzfQ0VpU/nFhMxjNs0qTkF5/vYct6Js+ic=",
      "Microsoft.Extensions.DependencyInjection.zg5wmkbway.wasm": "sha256-szm/4Fl/8ThZEyTKn0DjT10dLkwAN75iOLpPaT9MziE=",
      "Microsoft.Extensions.DependencyInjection.Abstractions.zvr54vpt0x.wasm": "sha256-kbNxFYCx29alIqytU5NWnuHZ+p44ARK0azSa8U36PKM=",
      "Microsoft.Extensions.FileProviders.Abstractions.3ffbsn5mu7.wasm": "sha256-MbXmgF2ZArPehmgELraRAlUtr/LrlChmICaqskdOciw=",
      "Microsoft.Extensions.FileProviders.Physical.3zezxq2l7j.wasm": "sha256-j//HjvXN4d5c+xzhc8653eBR3YWyORG6R+OwYJUB6hs=",
      "Microsoft.Extensions.FileSystemGlobbing.8tz9po1w9e.wasm": "sha256-dLmAVjWKkf2SjJaBzipRFvdav7WP15IT/zhsI26g+LE=",
      "Microsoft.Extensions.Logging.eva8yn2t8j.wasm": "sha256-9pgOS8ezhH7cPoYYDzmudhB+iMPHY/CSqQhb77PHTTk=",
      "Microsoft.Extensions.Logging.Abstractions.jfxvn9fe8l.wasm": "sha256-/2Xp1tmuRHJoy9pBBd9GZXimahquaxxPa7/h8wS/yeU=",
      "Microsoft.Extensions.Options.0gp18t11e4.wasm": "sha256-ECPOJnswyfl0xRUCR3StNwl4WbOlbBjTAyc7tp/ksbk=",
      "Microsoft.Extensions.Primitives.0y4j7edprf.wasm": "sha256-OPFqn75vXhSARISGjbkZAp7r0+V4AtaBwcvUjeKxvDo=",
      "Microsoft.JSInterop.9bvz43w1sz.wasm": "sha256-RTkIac6SMlhmr43fara9ibYDKvhwEnLRk02TqJZMZXI=",
      "Microsoft.JSInterop.WebAssembly.dnug9e66zg.wasm": "sha256-1391UuW9RnaY9v+RXWFFkaN+3zIkFWK6F/i2rkesTxo=",
      "System.Collections.Concurrent.duegxbvqy2.wasm": "sha256-Jew9bHcZiOsxjB3fyqRCQDCBXH1K4oEi4T8hLVp3Jkw=",
      "System.Collections.Immutable.rfl54mpkcz.wasm": "sha256-xyeiqiigPVRC4cmzNzW2HAPCgqeAu5gfoCXvZ57W6x8=",
      "System.Collections.5lft0gb3b6.wasm": "sha256-11sNMDUGgy+vn+2mLzXMuZi0qujj1ViJcCerWSTiR6k=",
      "System.ComponentModel.Primitives.z21uco44w2.wasm": "sha256-BXM6heZExUz4u1TDe0uiTw/uKkBLIy8he+MMA452+is=",
      "System.ComponentModel.qu3d3gzmkd.wasm": "sha256-wifBFoiHVP4KaFhjz887NKTzJH/M6gWTCeR9gYcM078=",
      "System.Console.3q0ifsv076.wasm": "sha256-KyPpuVhrfuJq1ECyP5MqnPga73t+XfyPIVputIdTidw=",
      "System.Diagnostics.DiagnosticSource.bh4qrou11b.wasm": "sha256-0eta6nYHt2Dbg5BvCLbbqAvPv0pw0Ff4qDfEl9cCyRc=",
      "System.IO.FileSystem.Watcher.bjxmcvzq34.wasm": "sha256-uZRdUiPX1T73lpoBvi1H8GSuNNZr4BiABWzb0pvQ6cM=",
      "System.IO.Pipelines.k6xrvw54s2.wasm": "sha256-RNBkMougJwG2U4NAJtGo8zjRUiP0ErF57gN3oL3rx6Y=",
      "System.Linq.vfnf99x6xv.wasm": "sha256-ayF1VmS9UPYqDhixd94nuWZZ/lpzlddERWU+0NRluak=",
      "System.Memory.0or0eqaudk.wasm": "sha256-ECLbc1+da5sOnq5gxaEbwUJwxnx1De5iRFuO+fPJUJ0=",
      "System.Net.Http.Json.ou695s3101.wasm": "sha256-EPBvNWYCDzGp0o+k7E5X5QYhI1vUpqqwylfxF2UM6uc=",
      "System.Net.Http.y3exzliwjh.wasm": "sha256-UqNpEJIRvgfhS45U10DDepW4/5FwGt8e7QsK2LDSETw=",
      "System.Net.Primitives.1fsqvrmube.wasm": "sha256-Xb32U/MP2y5ADjviFThqpTKqpDtBKsZaGzeYiK/QQnA=",
      "System.Private.Uri.ffllgigbd6.wasm": "sha256-u7eLXkt/XWEinAUnZGQ+uAQ62jQQIJKiO3L6kQMbh44=",
      "System.Runtime.xjaz8v649v.wasm": "sha256-LWTInCRS7Zli7JfMZw+Ehw+TS1KXQufvkh76bQv14Ws=",
      "System.Security.Cryptography.1x1pez3ui8.wasm": "sha256-9b9nZINb2IcuNTzk94oMInXrlQz3kkIu1KpNgEyQF44=",
      "System.Text.Encodings.Web.dvi1t3okep.wasm": "sha256-N0H/XiI7CqSVWRBwOAksJI9mQ1UaYSw6kuREMzV/aw8=",
      "System.Text.Json.dol0m01bz8.wasm": "sha256-vRNTWh3k3lkk175G4S6bx5qPENweTtp1SxxsOhDTKFw=",
      "System.Text.RegularExpressions.k8ibga7wut.wasm": "sha256-7OYvLuFLvwbax++2u+uoDmoaX8o/Q8wcYJC92eP1YjA=",
      "azureblazor.6iriz7yc6n.wasm": "sha256-QgV6koYb20DfUSEneQKTvMsMS4rbQHRLlaocOblXAw0="
    }
  },
  "cacheBootResources": true,
  "debugLevel": 0,
  "linkerEnabled": true,
  "appsettings": [
    "../appsettings.Development.json",
    "../appsettings.Production.json"
  ],
  "globalizationMode": "sharded",
  "extensions": {
    "blazor": {}
  }
}